<?xml version="1.0" encoding="UTF-8"?>
<project-private xmlns="http://www.netbeans.org/ns/project-private/1">
    <editor-bookmarks xmlns="http://www.netbeans.org/ns/editor-bookmarks/2" lastBookmarkId="0"/>
    <open-files xmlns="http://www.netbeans.org/ns/projectui-open-files/2">
        <group>
            <file>file:/C:/Users/S525700/Desktop/New%20folder/Train%20Simulator/route2.txt</file>
            <file>file:/C:/Users/S525700/Desktop/New%20folder/Train%20Simulator/trackdb.txt</file>
            <file>file:/C:/Users/S525700/Desktop/New%20folder/Train%20Simulator/src/Main.java</file>
        </group>
    </open-files>
</project-private>
